Title,Template,Slug,Parent,Parent Slug
Aldo,elementor_canvas,aldo,Products,lonza/products
Amphoterge,elementor_canvas,amphoterge,Products,lonza/products
Biocell,elementor_canvas,biocell,Products,lonza/products
Carnipure,elementor_canvas,carnipure,Products,lonza/products
Carsoquat,elementor_canvas,carsoquat,Products,lonza/products
Chronosphere,elementor_canvas,chronosphere,Products,lonza/products
Cosmocil,elementor_canvas,cosmocil,Products,lonza/products
Ethosperse,elementor_canvas,ethosperse,Products,lonza/products
Fibro-Silk,elementor_canvas,fibro-silk,Products,lonza/products
Genti-Fol,elementor_canvas,genti-fol,Products,lonza/products
Geogard,elementor_canvas,geogard,Products,lonza/products
Glycacil,elementor_canvas,glycacil,Products,lonza/products
Glycomul,elementor_canvas,glycomul,Products,lonza/products
Glycosperse,elementor_canvas,glycosperse,Products,lonza/products
Glydant,elementor_canvas,glydant,Products,lonza/products
Isocil,elementor_canvas,isocil,Products,lonza/products
LactoPro,elementor_canvas,lactopro,Products,lonza/products
LaraCare,elementor_canvas,laracare,Products,lonza/products
Lonzagard,elementor_canvas,lonzagard,Products,lonza/products
Lonzaserve,elementor_canvas,lonzaserve,Products,lonza/products
Lonzest,elementor_canvas,lonzest,Products,lonza/products
Metabiotics,elementor_canvas,metabiotics,Products,lonza/products
Mikrokill,elementor_canvas,mikrokill,Products,lonza/products
NAB,elementor_canvas,nab,Products,lonza/products
Natrulon,elementor_canvas,natrulon,Products,lonza/products
Pegosperse,elementor_canvas,pegosperse,Products,lonza/products
Polyaldo,elementor_canvas,polyaldo,Products,lonza/products
ScreenLight,elementor_canvas,screenlight,Products,lonza/products
SeaPure,elementor_canvas,seapure,Products,lonza/products
Solu-Mar ,elementor_canvas,solu-mar ,Products,lonza/products
Spectradyne,elementor_canvas,spectradyne,Products,lonza/products
ViscUp,elementor_canvas,viscup,Products,lonza/products
Vitazyme,elementor_canvas,vitazyme,Products,lonza/products
Zinc Omadine,elementor_canvas,zinc-omadine,Products,lonza/products
,,,,
