Title,Template,Slug,Parent
Aldo® MO,elementor_canvas,aldo-mo,Aldo
Aldo® PGHMS Kfg,elementor_canvas,aldo-pghms-kfg,Aldo
Aldo® HMS Kfg,elementor_canvas,aldo-hms-kfg,Aldo
Aldo® MS Kfg,elementor_canvas,aldo-ms-kfg,Aldo
Aldo® MLD Kfg,elementor_canvas,aldo-mld-kfg,Aldo
Aldo® MSD Kfg,elementor_canvas,aldo-msd-kfg,Aldo
Aldo® DO Kfg,elementor_canvas,aldo-do-kfg,Aldo
Aldo® HMO Kfg,elementor_canvas,aldo-hmo-kfg,Aldo
Amphoterge® KJ-2,elementor_canvas,amphoterge-kj-2,Amphoterge
Amphoterge® W,elementor_canvas,amphoterge-w,Amphoterge
Amphoterge® K-J-2-50%,elementor_canvas,amphoterge-k-j-2-50,Amphoterge
Amphoterge® W-2,elementor_canvas,amphoterge-w-2,Amphoterge
Amphoterge® K-2,elementor_canvas,amphoterge-k-2,Amphoterge
Biocell® SOD,elementor_canvas,biocell-sod,Biocell
Carnipure™ Crystalline,elementor_canvas,carnipure-crystalline,Carnipure
Carnipure™ Tartrate,elementor_canvas,carnipure-tartrate,Carnipure
Carsoquat® 450i Conditioning Agent,elementor_canvas,carsoquat-450i-conditioning-agent,Carsoquat
Carsoquat® CT-429,elementor_canvas,carsoquat-ct-429,Carsoquat
Carsoquat® SDQ-85,elementor_canvas,carsoquat-sdq-85,Carsoquat
Carsoquat® CT-425,elementor_canvas,carsoquat-ct-425,Carsoquat
Carsoquat® SDQ-25,elementor_canvas,carsoquat-sdq-25,Carsoquat
Chronosphere® Opticals Brite,elementor_canvas,chronosphere-opticals-brite,Chronosphere
Chronosphere® Opticals Spherical Powder,elementor_canvas,chronosphere-opticals-spherical-powder,Chronosphere
Cosmocil® CQ Antimicrobial,elementor_canvas,cosmocil-cq-antimicrobial,Cosmocil
Ethosperse® LA-23,elementor_canvas,ethosperse-la-23,Ethosperse
Ethosperse® LA-4,elementor_canvas,ethosperse-la-4,Ethosperse
Fibro-Silk® JP Powder,elementor_canvas,fibro-silk-jp-powder,Fibro-Silk
Genti-Fol® SA,elementor_canvas,genti-fol-sa,Genti-Fol
Geogard® Ultra,elementor_canvas,geogard-ultra,Geogard
Geogard® LSA,elementor_canvas,geogard-lsa,Geogard
Geogard® ECT,elementor_canvas,geogard-ect,Geogard
Geogard® 221,elementor_canvas,geogard-221,Geogard
Geogard® 111S,elementor_canvas,geogard-111s,Geogard
Geogard® 111A,elementor_canvas,geogard-111a,Geogard
Geogard® LSA ECT Preservative Blend,elementor_canvas,geogard-lsa-ect-preservative-blend,Geogard
Glycacil® L,elementor_canvas,glycacil-l,Glycacil
Glycacil® 2000,elementor_canvas,glycacil-2000,Glycacil
Glycomul™ S KFG,elementor_canvas,glycomul-s-kfg,Glycomul
Glycomul™ TS KFG,elementor_canvas,glycomul-ts-kfg,Glycomul
Glycosperse® L-20 KFG,elementor_canvas,glycosperse-l-20-kfg,Glycosperse
Glycosperse® TS-20 KFG,elementor_canvas,glycosperse-ts-20-kfg,Glycosperse
Glycosperse® O-20 KFG,elementor_canvas,glycosperse-o-20-kfg,Glycosperse
Glycosperse® S-20 KFG,elementor_canvas,glycosperse-s-20-kfg,Glycosperse
Glydant® Preservative System,elementor_canvas,glydant-preservative-system,Glydant
Glydant® LTD,elementor_canvas,glydant-ltd,Glydant
Glydant® Plus Liquid,elementor_canvas,glydant-plus-liquid,Glydant
Glydant® 2000,elementor_canvas,glydant-2000,Glydant
Isocil® PC Preservative,elementor_canvas,isocil-pc-preservative,Isocil
LactoPro® CLP,elementor_canvas,lactopro-clp,LactoPro
LaraCare® A200 Natural Enhancer,elementor_canvas,laracare-a200-natural-enhancer,LaraCare
Lonzagard® Benzethonium Chloride USP,elementor_canvas,lonzagard-benzethonium-chloride-usp,Lonzagard
Lonzaserve® ID,elementor_canvas,lonzaserve-id,Lonzaserve
Lonzaserve® PC Resistant Organisms,elementor_canvas,lonzaserve-pc-resistant-organisms,Lonzaserve
Lonzest® SMO,elementor_canvas,lonzest-smo,Lonzest
Lonzest® GMS-C,elementor_canvas,lonzest-gms-c,Lonzest
Lonzest® GMS,elementor_canvas,lonzest-gms,Lonzest
Lonzest® GMO,elementor_canvas,lonzest-gmo,Lonzest
Lonzest® SML,elementor_canvas,lonzest-sml,Lonzest
Lonzest® GMS-D,elementor_canvas,lonzest-gms-d,Lonzest
Lonzest® MSA,elementor_canvas,lonzest-msa,Lonzest
Lonzest® STO,elementor_canvas,lonzest-sto,Lonzest
Lonzest® SMO-5,elementor_canvas,lonzest-smo-5,Lonzest
Lonzest® GDL,elementor_canvas,lonzest-gdl,Lonzest
Lonzest® SOC,elementor_canvas,lonzest-soc,Lonzest
Metabiotics® Resveratrol,elementor_canvas,metabiotics-resveratrol,Metabiotics
Metabiotics® Resveratrol ECT GEO,elementor_canvas,metabiotics-resveratrol-ect-geo,Metabiotics
Mikrokill® COS,elementor_canvas,mikrokill-cos,Mikrokill
NAB® Rhodiola Extract,elementor_canvas,nab-rhodiola-extract,NAB
NAB® Butterbur Extract Ect,elementor_canvas,nab-butterbur-extract-ect,NAB
Natrulon™ H-10,elementor_canvas,natrulon-h-10,Natrulon
Natrulon™ H-6,elementor_canvas,natrulon-h-6,Natrulon
Pegosperse® 400 DS VEG,elementor_canvas,pegosperse-400-ds-veg,Pegosperse
Pegosperse® 1500 MS,elementor_canvas,pegosperse-1500-ms,Pegosperse
Pegosperse® 100-S,elementor_canvas,pegosperse-100-s,Pegosperse
Pegosperse® 400 ML,elementor_canvas,pegosperse-400-ml,Pegosperse
Pegosperse® 50 DS,elementor_canvas,pegosperse-50-ds,Pegosperse
Pegosperse® 400 DL,elementor_canvas,pegosperse-400-dl,Pegosperse
Pegosperse® 400 DS Special,elementor_canvas,pegosperse-400-ds-special,Pegosperse
Pegosperse® 50 MS,elementor_canvas,pegosperse-50-ms,Pegosperse
Polyaldo® 10-1-S Pastillated,elementor_canvas,polyaldo-10-1-s-pastillated,Polyaldo
"Polyaldo® 10-1-O Non Gmo, Kfg",elementor_canvas,"polyaldo-10-1-o-non-gmo,-kfg",Polyaldo
Polyaldo® 10-1-0,elementor_canvas,polyaldo-10-1-0,Polyaldo
Polyaldo® 6-2-S,elementor_canvas,polyaldo-6-2-s,Polyaldo
"Polyaldo® DGDO Non Gmo, Kfg",elementor_canvas,"polyaldo-dgdo-non-gmo,-kfg",Polyaldo
Polyaldo® HGDS (6-2-S) Kfg,elementor_canvas,polyaldo-hgds-(6-2-s)-kfg,Polyaldo
Polyaldo® 10-10-0,elementor_canvas,polyaldo-10-10-0,Polyaldo
Polyaldo® 10-1-CC,elementor_canvas,polyaldo-10-1-cc,Polyaldo
Polyaldo® 10-2-P Pastillated,elementor_canvas,polyaldo-10-2-p-pastillated,Polyaldo
Polyaldo® TGMS,elementor_canvas,polyaldo-tgms,Polyaldo
Polyaldo® 10-1-L,elementor_canvas,polyaldo-10-1-l,Polyaldo
Polyaldo® 3-1-S,elementor_canvas,polyaldo-3-1-s,Polyaldo
ScreenLight® Block,elementor_canvas,screenlight-block,ScreenLight
SeaPure® Agarose,elementor_canvas,seapure-agarose,SeaPure
Solu-Mar ® Elastin SD,elementor_canvas,solu-mar--elastin-sd,Solu-Mar 
Spectradyne™ Antimicrobial,elementor_canvas,spectradyne-antimicrobial,Spectradyne
ViscUp™ 160,elementor_canvas,viscup-160,ViscUp
Vitazyme® A-Plus,elementor_canvas,vitazyme-a-plus,Vitazyme
Vitazyme® B Complex,elementor_canvas,vitazyme-b-complex,Vitazyme
Zinc Omadine® FPS 48% Aqueous Dispersion,elementor_canvas,zinc-omadine-fps-48-aqueous-dispersion,Zinc Omadine
Zinc Omadine® 48% FPS,elementor_canvas,zinc-omadine-48-fps,Zinc Omadine
Zinc Omadine® Enhanced CP Dispersion,elementor_canvas,zinc-omadine-enhanced-cp-dispersion,Zinc Omadine
Zinc Omadine® 48% UFPS PEO,elementor_canvas,zinc-omadine-48-ufps-peo,Zinc Omadine
